1412001,брЦг?т░гЕ Цгт?Д 1,12
1412002,брЦг?т░гЕ гА≤йяФД?≤ 3,12
1412003,брЦг?т░гЕ с?сйЦ о?л?йгА 1,12
1412004,брЦг?т░гЕ ЦогяЕг? гА≤йя?≤? Ф гДогрЕ ░?я?,12
1412005,ДчтЕ ≤т? ЦЕДос? ДяЦ гщргя? снй гщргя?,12
1412006,гуФА с?сйЦ Ег? Цнгхягй?,12
1412007,гА≤йяФД?≤ 2,12
1412008,Цгт?Д 2,12
1412009,ЦогяЕг? Цнгхягй?,12
1412010,с?сйЦ Ег? о?л?йгА 2,12
1412011,й≤Д?≤ │гАс,12
1412012,Цгт?Д 2,12
1412013,≤ФгДйФЦ гА≤йяФД?≤ 1 - гято,12
1412014,DSP (гято),12
1412015,я?гж? ЦЕДос? │?тящйЕ (гято),12
1412016,│яогрт ДФя? йугФ?я Ф зАгфЦ (гято),12
1412017,гщргяЕ Ег? Д?ЦЕ ясгДг (гято),12
1412018,тх?Е сгр? Ф ЦоАсгр?,12
1412020,Цхгмк Ф?▌Е оя │яогрт йуФ?я (гято),12
1412021,йфФя? Ф й≤ДФАФ▌? гоФгй Д?ЦЕ Его? (гято),12
1412022,│яогрт ДФя? йугФ?я Ф зАгфЦ (│яогрт йуФ?я) - гято,12
1412023,гА≤йяФД?≤ ДФя?1 (гято),12
1412024,я?гж?гй ЦЕДос? │?тящйЕ - гято,12
1412025,│г?гД ДгЦЕ (гято),12
1412026,ьягм? ЦогяЕг? щя≤гДс хгАг (гято),12
1412027,ЦогяЕг? ЦлйЦз нь? (гято),12
1412028,сЦ?Дгя (гято),12
1412029,│яогрт с?░ДгА Ег? о?л?йгА,12
1412030,йфФя? Ф й≤ДФАФ▌? Д?ЦЕ Его? - гято,12
1412031,гА≤йяФД?≤ ДФя?1- гято,12
1412032,ЦзЦгя? ≤гЦ│?Фйя,12
1412033,гА≤йяФД?≤ ДФя? 2- гято,12
1412034,VLSI (гято),12
1412035,щ?р?≤ гА≤йяФД?≤,12
1412036,гА≤йяФД?≤ 3,12
1412037,≤ФгДйФЦ гА≤йяФД?≤1 (гято),12
1412038,Цгт?Д 1,12
1412039,ЦогяЕг? гА≤йя?≤? 2,12
1412040,Ц?≤яФ│яФссФяЕг,12
1412041,ЦзЦгя? ≤гЦ│?Фйя,12
1412042,хяДгЦЕ ДФ?с? ≤гЦ│?Фйя,12
1412043,≤ДйяА ЦояД,12
1412044,гА≤йяФД?≤ 1,12
1412045,я?гж?2,12
1412046,я?гж? 1,12
1412047,щ?р?≤ 1,12
1412048,с?сйЦ Ег? о?л?йгА 1,12
1412049,щ?р?≤ ЦояД,12
1412050,ЦзгоАгй о?щягДс?А,12
1412051,щ?р?≤2,12
1412052,с?сйЦ Ег? ≤ДйяА │?тящйЕ,12
1412053,гчйуго ЦЕДос?,12
1412054,│яФ▌Е ≤гятДгс?,12
1412055,бтДг?? хг ЦхгД? ЦЕДос? хяч,12
1412056,бр щ?р?≤1,12
1412057,≤гябЦФр?,12
1412058,бр гА≤йяФД?≤ уДзй?,12
1412059,ЦогяЕг? Ц?≤яФ ≤гЦ│?Фйя,12
1412060,≤ДйяА ≤ДДоЕ Ег? хяДгЦЕ │п?я ЦДьч?,12
1412061,гхргя оч?ч,12
1412062,≤ДйяА щгр?,12
1412063,ЦхгД? ймч?ч оя зЦА?гй,12
1412064,≤ДйяА уДзй?,12
1412065,й с?сгй гА≤йя?≤?,12
1412066,брЦг?т░гЕ ≤ДйяА нь?,12
1412067,рхгД йнуу?,12
1412068,гА≤йяФД?≤ уДзй?,12
1412069,ясЦ щД? хяч,12
1412070,с?сйЦ Ег? ≤ДйяА о?л?йгА Ф ш?янь?,12
1412071,брЦг?т░гЕ гА≤йяФД?≤2,12
1412072,бр Цгт?Д Ег? гА≤йя?≤?1,12
1412073,брЦг?т░гЕ гА≤йяФД?≤ 1,12
1412074,хяяс? с?сйЦ Ег? чояй,12
1412075,≤гя░гЕ зЦФЦ?,12
1412076,ДчтЕ ≤т? уДзй?,12
1412077,йяЦФо?ДгЦ?≤,12
1412078,лхя нь?,12
1412079,брЦг?т░гЕ Цогя ЦДьч?,12
1412080,ДчтЕ ≤т?,12
1412081,я?гж?2,12
1412082,Цмгсхгй зоо?,12
1412083,Цнгхягй 1,12
1412084,бЦгя Ф гмйЦгА ЦЕДос?,12
1412085,Цгт?Д2,12
1412086,бЦгя Ф гмйЦгА ЦЕДос?,12
1412087,ЦзгоАгй о?щягДс?А,12
1412088,с?сйЦ Ег? ≤ДйяА нь?,12
1412089,≤гя░гЕ хяч,12
1412090,ЦогяЕг? ЦДьч?,12
1412091,Цогя2,12
1412092,Цгт?Д1,12
1412093,гА≤йяФД?≤ 2,12
1412094,я?гж? 1,12
1412095,гДогрЕ ░?я? гА≤йя?≤?,12
1412096,гА≤йяФЦшДгь?с,12
1412097,гА≤йяФД?≤1,12
1412098,я?гж?гй ЦЕДос?,12
1412099,брЦг?т░гЕ гДогрЕ ░?я? Ф Цогя,12
1412100,йлр?Е Ф ймА?А с?сйЦ Ег,12
1412101,бр щ?р?≤2,12
1412102,ЦогяЕг? гА≤йя?≤?1,12
1412103,щ?р?≤2,12
1412104,щ?р?≤ 1,12
1412105,бр щ?р?≤ 1,12
1412106,брЦг?т░гЕ ЦогяЕг? Цнгхягй?,12
1412107,глрг? ≤гЦ│?Фйя,12
1412108,с?░ДгА Ег Ф с?сйЦ Ег,12
1412109,гмйЦгА ЦЕДос?,12
1412110,Цогя │гАс Ф о?л?йгА,12
1412111,гА≤йяФД?≤ бДгАФ░,12
1412112,ймА?А с?сйЦ Ег? гДя▌? гА≤йя?≤?,12
1412113,глрг? ≤гЦ│?Фйя,12
1412114,брЦг?т░гЕ й≤Д?≤ │гАс,12
1412115,бр ЦогяЕг? Цнгхягй?,12
1412116,бр глрга ≤гЦ│?Фйя,12
1412117,│яФ▌Е бр- гА≤йяФД?≤ 3,12
1412118,ьягм? с?сйЦ Ег? я?р│яогрДоЕ,12
1412119,брЦг?т░гЕ с?сйЦ Ег? о?л?йгА 2,12
1412120,бр гхргя оч?ч,12
1412121,бр ≤ДйяА уДзй?,12
1412122,с?сйЦЕг? ≤ДйяА о?л?йгА,12
1412123,бр гА≤йяФД?≤ бДгАФ░,12
1412124,гуФА Ц?≤яФ≤гЦ│?ФйяЕг,12
1412125,ЦогяЕг? ФгсьЕ,12
1412126,Цхгмк Ф?▌Е оя гА≤йяФД?≤,12
1412127,бр гА≤йяФД?≤,12
1412128,бр с?сйЦ Ег? ≤ДйяА нь?,12
1412129,бр ЦогяЕг? │гАс Ф о?л?йгА,12
1412130,щ?Айя Ф сДйр,12
1412131,тх≤Е Ег? Цнгхягй?,12
1412132,с?сйЦ Ег? ≤ДйяА ЦояД,12
1412133,бр с?сйЦ Ег? ≤ДйяА о?л?йгА,12
1412134,ЦхгД? Ц≤гйяФД?≤,12
1412135,я?гж? зЦФЦ? 1,12
1412136,я?гж? зЦФЦ? 2,12
1412137,щ?р?≤1 (мягяй Ф Ц≤гД?≤),12
1412138,щ?р?≤ 2 (гА≤йя?с?йЕ Ф ЦшДгь?с),12
1412139,брЦг?т░гЕ ЦзЦгя? ≤гЦ│?Фйя,12
1412140,брЦг?т░гЕ ЦзЦгя? ≤гЦ│?Фйя,12
1412141,брЦг?т░гЕ Ц?≤яФ│яФссФяЕг,12
1412142,ЦогяЕг? ЦлйЦз нь? cmos,12
1412143,бр ≤ДйяА уДзй?,12
1412144,с?сйЦ Ег? ≤ДйяА ш?янь?,12
1412145,йгс?сгй гА≤йя?≤?,12
1412146,о?ДгЦ?≤,12
1412147,гсйгй?≤ Ф ЦчгФЦй ЦугАм,12
1412148,≤ДйяА │яФ▌Е,12
1412149,ьягм? с?сйЦ Ег? о?л?йгА FPGA ASIC,12
1412150,гА≤йяФД?≤ ≤ФгДйФЦ?(гято),12
1412151,гА≤йяФД?≤ ДФя? │?тящйЕ(гято),12
1412152,йфФя? Ф щДгФя? сгнй гщргяЕг? Д?ЦЕ ясгДг,12
1412153,ЦогяЕг? ЦлйЦз ДФя?,12
1412154,гчйуго ЦЕДос?,12
1412155,Цогя гА≤йя?≤? 2,12
1412156,тх≤Е Ег? ≤гЦ│?Фйя?,12
1412157,"Цхгмк Ф?▌Е оя ЦЕДос? хяч║ яФт ймч?ч- гято хяч",12
1412158,≤ДйяА нФо≤гя │?тящйЕ-гято хяч,12
1412159,гщргяЕ Ег? Д?ЦЕ ясгДг (гято),12
1412160,ЦогяЕг? ЦлйЦз щя≤гДс яго?Ф?? RFIC,12
1412161,ЦогяЕг? ЦлйЦз н?А? щтяоЕ VLSI,12
1412162,ЦхоАЕг? огоЕ ЦлйЦз AD Ф DA,12
1412163,Ц≤гйяФД?≤ 1,12
1412164,Ц≤гйяФД?≤ 2,12
1412165,яхгй?≤ │?тящйЕ,12
1412166,тДгсг?? с?сйЦ Ег,12
1412167,хяДгЦЕ я?р? Ф ≤ДйяА йФА?о Ф ≤?щ?й,12
1412168,мсгсЕ Ег Ф ≤гА?хягс?ФД яхгй,12
1412169,тх≤Е Ег? зух?,12
1412170,тх?Е сгр? Ф ЦоАсгр? оя х?ФЦ≤гйяФД?≤,12
1412171,ЕФт ЦуДФз? Ф с?сйЦЕг? нхяЕ,12
1412172,Цо?я?й ≤?щ?й Ф зЦА?гй,12
1412173,Цо?я?й йлгя? Ф хгря░гД?,12
1412174,гйФЦгс?ФД уДзй? │?тящйЕ,12
1412175,≤ДйяА Цмя≤Е Ег? гА≤йя?≤?,12
1412176,яФт глрга ЦмоФо,12
1412177,йфФя? Ф й≤ДФАФ▌? сгнй Д?ЦЕ Его?Ег,12
1412178,гйФЦгс?ФД оя йФА?о,12
1412179,ЕФт ЦуДФз? йФр?з тоЕ,12
1412180,хЕ?ДЕ сгр? оя ьягм? Ф йФА?о,12
1412181,Е?ояФА?≤ Ф Д?ФЦгй?≤ │?тящйЕ,12
1412182,тх?Е сгр? ≤гЦ│?Фйя?,12
1412183,с?сйЦЕг? хАгояД░,12
1412184,"й≤ДФАФ▌? ЦФго ДФ?Д: Ця≤х ║ █До Аг?Е г?║ │Фт огоЕ тоЕ",12
1412185,│яогрт йуФ?я,12
1414001,гДоя≤Дт нг≤ Ф сгрЕ (гято),14
1414002,яФт глрг ЦмоФо (гято),14
1414003,Ц≤гД?≤ нг≤ │?тящйЕ (гято),14
1414004,сгрЕ Ег? █Фх?,14
1414005,йущ?Е щгжАгх уДзй?,14
1414006,ЦхгД? GIS оя ЦЕДос? зЦягД,14
1414007,Е?ояФА?≤,14
1414008,хДгЕг? бх?,14
1414009,й с?сгй Ц≤гД?≤? Ф хяч?,14
1414010,│г?гД ДгЦЕ (гято зЦягД),14
1414011,ЦЕДос? йягщ?≤ │?тящйЕ (гято),14
1414012,йчгжг оя мЦА Ф ДчА (гято),14
1414013,Цм?ь р?сй Ф мЦА Ф ДчА (гято),14
1414014,ЦугАм сгнйЦгД?,14
1414015,бр ЦугАм сгнйЦгД?,14
1414016,брЦг?т░гЕ яФсгр?,14
1414017,гуФА Цо?я?й сгнй,14
1414018,ЦхгД? GIS оя ЦЕДос? зЦягД,14
1414019,гуФА ЦЕДос? йущ?Е бх Ф щгжАгх,14
1414020,гуФА Цо?я?й сгнй,14
1414021,сгрЕ Ег? хДг?? ЦчгФЦ оя хягхя рАрАЕ,14
1414022,хгряс? йзЦ?я Ф йяЦ?Ц сгрЕ Ег,14
1414023,гуФА ЦЕДос? йФДА,14
1414024,гуФА ЦЕДос? щяФо░гЕ,14
1414025,хяДгЦЕ я?р? мЦА Ф ДчА(гято),14
1414026,ймА?А Ф гяр?гх? с?сйЦ Ег? мЦА Ф ДчА(гято),14
1414027,ьям ЕДос? ягЕ │?тящйЕ(гято),14
1414028,бЦгя Ф гмйЦгАгй │?тящйЕ(гято),14
1414029,г?ЦД? йягщ?≤ (гято),14
1414030,т?Ц? зЦФЦ?,14
1414031,ЦхгД? г≤ФАФ▌?,14
1414032,Цо?я?й Ф гчйуго мЦА Ф ДчА (гято),14
1414033,сЦ?Дгя Ф яФт ймч?ч (гято),14
1414034,ЦхгД? GIS оя ЦЕДос? зЦягД,14
1414035,сгрЕ Ег? █Фх?,14
1414036,хДгЕг? бх?,14
1414037,Цчяягй ЦА? сгнйЦгД,14
1414038,бр ЦчгФЦй ЦугАм,14
1414039,щ?р?≤2,14
1414040,гуФА Цо?я?й сгнй,14
1414041,т?Ц? зЦФЦ?,14
1414042,│яФ▌Е ягЕсгр?,14
1414043,│яФ▌Е сгрЕ Ег? щФАго?,14
1414044,│яФ▌Е сгрЕ Ег? хйД бяЦЕ,14
1414045,ЦЕДос? с?сйЦ Ег,14
1414046,≤гябЦФр?,14
1414047,│яФ▌Е йнуу?,14
1414048,ймч?чгй ЦмА?,14
1414049,гуФА ЦЕДос? │А,14
1414050,гуФА ЦЕДос? йягщ?≤,14
1414051,гуФА ЦЕДос? рАрАЕ Ф хго,14
1414052,яФт Ег? гляг?? сгнйЦгД,14
1414053,гуФА ЦЕДос? со,14
1414054,ЦЕДос? бх Ф щгжАгх Ф │яФ▌Е,14
1414055,Ц≤гД?≤ нг≤ 2,14
1414056,бр щ?р?≤1,14
1414057,ЦЕДос? йягхя?,14
1414058,брЦг?т░гЕ й≤ДФАФ▌? хйД,14
1414059,"ьягм?║ сгнй Ф Д░Е огя? с?сйЦ Ег? ЦЕДос? зЦягД Ф Цм?ь р?сй",14
1414060,брЦг?т░гЕ Ц≤гД?≤ нг≤,14
1414061,Цйя Ф хябФяо │яФ▌Е,14
1414062,ДяЦ гщргяЕг? ЦЕДос? зЦягД,14
1414063,ЦЕДос? │?,14
1414064,гчйуго ЦЕДос?,14
1414065,Е?ояФАФ▌? ЦЕДос?,14
1414066,сгрЕ Ег? хйД бяЦЕ2,14
1414067,ЦчгФЦй ЦугАм2,14
1414068,рхгД йнуу?,14
1414069,яФсгр? ягЕ,14
1414070,сгрЕ Ег? щФАго?2,14
1414071,Цгт?Д бАгй сгнйЦгД?,14
1414072,ягЕсгр?,14
1414073,сгрЕ Ег? хйД бяЦЕ1,14
1414074,Е?ояФА?≤ Ф брЦг?т░гЕ,14
1414075,ясЦ щД? Ф ДчтЕ ≤т? сгнйЦгД,14
1414076,ймА?А сгрЕ Ег2,14
1414077,сгрЕ Ег? щФАго?1,14
1414078,бЦгя Ф гмйЦгА ЦЕДос?,14
1414079,ДчтЕ хяогя? зЦА?гй,14
1414080,ЦугАм сгнйЦгД? Ф брЦг?т░гЕ,14
1414081,ЦЕДос? Цм?ь р?сй,14
1414082,Цмгсхгй зоо?,14
1414083,ЦчгФЦй ЦугАм1,14
1414084,о?ДгЦ?≤,14
1414085,щ?р?≤ 1,14
1414086,й≤ДФАФ▌? хйД,14
1414087,Ц≤гД?≤ нг≤,14
1414088,ймА?А сгрЕ Ег1,14
1414089,хяДгЦЕ ДФ?с? ≤гЦ│?Фйя,14
1414090,ьягм? ЦзЦгя? Ф тЕясгр?,14
1414091,рЦ?Д тДгс? ЦЕДос?,14
1414092,Ц≤гД?≤ с?гАгй,14
1414093,гсйгй?≤,14
1414094,ЦзгоАгй о?щягДс?А,14
1414095,я?гж?2,14
1414096,я?гж? 1,14
1414097,щ?р?≤ 1,14
1414098,йущ?Е щгжАгх уДзй?,14
1414099,йЦо?о │г?гД ДгЦЕ,14
1414100,о?ДгЦ?≤ нг≤ (гято),14
1414101,ЦЕДос? │? │?тящйЕ(гято),14
1414102,Ц≤гД?≤ Цм?ь │?ФсйЕ(гято),14
1414103,я?гж?гй згА? ЦЕДос?(гято),14
1414104,гДя▌? Ф йФсзЕ │г?огя,14
1414105,│яФ▌Е ягЕсгр?(зЦягД),14
1414106,│яФ▌Е сгрЕ Ег? хйД бяЦЕ (зЦягД),14
1414107,│яФ▌Е сгрЕ Ег? щФАго? (зЦягД),14
1414108,бх Ег? р?ярЦ?Д?,14
1414109,брЦг?т░гЕ Ц≤гД?≤ с?гАгй,14
1414110,г?ЦД? йягщ?≤(гято),14
1414111,йлр?Е Ф ймА?А г?ЦД? ягЕ(гято),14
1414112,тх?Е сгр? оя ЦЕДос? мЦА Ф ДчА(гято),14
1414113,ЦоАсгр? ящйгя нг≤(гято),14
1414114,Ц≤гД?≤ сД░(гято),14
1414115,о?ДгЦ?≤ нг≤(гято),14
1414116,брЦг?т░гЕ Ц≤гД?≤ сД░(гято),14
1414118,хгя░пгя?,14
1414119,глрг ЦмоФо ЦчоЦгй?,14
1414120,Цгт?Д Ег? бх?,14
1414121,Ц≤гД?≤ нг≤ 1,14
1414122,брЦг?т░гЕ яФсгр?,14
1414123,хЕсгр? нг≤ (гято),14
1414124,йгс?сгй Ц≤гД?≤? Ф хяч?,14
1416001,брЦг?т░гЕ ЦДьч?-ЦзЦгя?,16
1416002,сЦ?Дгя (гято),16
1416003,ьягм? ЦогяЕг? Фгсь,16
1416004,гуФА ьягм? Фгсь ≤гяхя,16
1416005,ьягм? ≤гЦ│?Фйя? с?сйЦ Ег? о?л?йгА,16
1416006,ЦЕДос? ДяЦ гщргя │?тящйЕ (гято),16
1416007,брЦФД ДяЦ гщргя (гято),16
1416008,с?сйЦ згЦА │?тящйЕ (гято),16
1416009,│г?░гЕ огоЕ │?тящйЕ (гято),16
1416010,с?░ДгА Ег Ф с?сйЦ Ег (гято),16
1416011,гА░ФЕг? ьягм? ДяЦ гщргя,16
1416012,гуФА Ф │г?Е ЦЕДос?,16
1416013,с?сйЦ гьАгзгй лшягщ?г??-GIS,16
1416014,Цо?я?й Ф ≤ДйяА │яФ▌Е,16
1416015,ЦзЦгя? ДяЦ гщргя (гято),16
1416016,Цо?я?й │яФ▌Е Ег? ДяЦ гщргя? (гято),16
1416017,с?сйЦ Ег? ДяЦ гщргя? гй≤г│п?я (гято),16
1416018,огоЕ ≤гФ? (гято),16
1416019,с?сйЦ Ег? нхяЕ,16
1416020,ЦогяЕг? гА≤йя?≤?,16
1416021,ймА?А Ф ьягм? с?сйЦ Ег,16
1416022,ЦЕДос? г?ДйяДй,16
1416023,бр ЦЕДос? ДяЦ гщргя,16
1416024,Дыя?Е Цмгсхгй,16
1416025,я?гж?гй ЦЕДос?,16
1416026,≤гя░гЕ ≤гЦ│?Фйя,16
1416027,ЦоА сгр? Ф гяр?гх? с?сйЦ Ег,16
1416028,я?гж?гй ░ссйЕ,16
1416029,ЦхгД? ≤гЦ│?Фйя Ф хяДгЦЕ сгр?,16
1416030,░ягщ?≤ ≤гЦ│?Фйя? 1,16
1416031,тх?Е сгр? ≤гЦ│?Фйя?,16
1416032,огоЕ ≤гФ?,16
1416033,≤гябЦФр?,16
1416034,брЦг?т░гЕ я?р│яогрДоЕ,16
1416035,яФт Ег? Цмгсхгй зоо?,16
1416036,бр с?сйЦ згЦА,16
1416037,брщ?р?≤2,16
1416038,ЦЕДос ДяЦ гщргя2,16
1416039,Цм?ь Ег? █ДоясгДЕ г?,16
1416040,бр │г?░гЕ огоЕ,16
1416041,гуФА ьягм? ≤гЦ│г?Ая,16
1416042,бр ЦзЦгя?,16
1416043,бр ЦогяЕг? гА≤йяФД?≤?,16
1416044,ЕФт ЦуДФз?,16
1416045,бр ЦогяЕг? гА≤йя?≤?1,16
1416046,брЦг?т░гЕ ЦогяЕг? ЦДьч?,16
1416047,с?сйЦ Ег? згЦА,16
1416048,бр щ?р?≤1,16
1416049,т?ФЕ гягфЕ ЦьгАх зАЦ? Ф щД?,16
1416050,ЦЕДос? ДяЦ гщргя1,16
1416051,я?р│яогрДоЕ 1,16
1416052,ьягм? Ф │?гоЕ сгр? рхгД Ег,16
1416053,гуФА ьягм? │г?░гЕ огоЕ Ег,16
1416054,ЦогяЕг? гА≤йяФД?≤?,16
1416055,ьягм? гА░Фя?йЦ,16
1416056,│яФ▌Е,16
1416057,тх≤Е Ег? ≤гЦ│?Фйя?,16
1416058,бЦгя Ф гмйЦгА ЦЕДос?,16
1416059,рхгД Цгт?Д Ф хяДгЦЕ сгр? с?сйЦ,16
1416060,пн?яЕ Ф хгр?гх? гьАгзгй,16
1416061,я?гж? ЦЕДос?,16
1416062,ЦогягА≤йя?≤?1,16
1416063,сгнйЦгД огоЕ,16
1416064,Дыя?Е рхгД Ег Ф Цгт?Д Ег,16
1416065,брЦг?т░гЕ ЦзЦгя?,16
1416066,рхгД йнуу?,16
1416067,сгнйЦгД Ег? ░ссйЕ,16
1416068,ЦзЦгя? ≤гЦ│?Фйя,16
1416069,ЦхгД? ≤гЦ│?Фйя,16
1416070,хяДгЦЕ сгр? │?тящйЕ,16
1416071,Цогя ЦДьч?,16
1416072,щ?р?≤2,16
1416073,я?гж?2,16
1416074,я?гж? 1,16
1416075,≤гя░гЕ зЦФЦ?,16
1416076,ЦзгоАгй о?щягДс?А,16
1416077,щ?р?≤ 1,16
1416078,яФт │▌ФЕт Ф гягфЕ,16
1416079,с?░ДгАЕг Ф с?сйЦ Ег,16
1416080,я?р│яогрДоЕ Ф рхгД гсЦхА?,16
1416081,ЕФт ЦуДФз? Ф с?сйЦ Ег? нхяЕ,16
1416082,сгнйЦгД Ег? огоЕ,16
1416083,брЦг?т░гЕ тх≤Е Ег? ≤гЦ│?Фйя?,16
1416084,│г?░гЕ огоЕ Ег,16
1416085,ьягм? рхгД Ег? хяДгЦЕ сгр?,16
1416086,йзгЦА гДсгД Ф ≤гЦ│?Фйя,16
1416087,брЦФД ДяЦ гщргя,16
1416088,яФт Ег? ясЦ? оя ЦЕДос? ДяЦ гщргя,16
1416089,ьягм? т? ░яг? с?сйЦ Ег,16
1416090,брЦг?т░гЕ гуФА ьягм? ≤гЦ│г?Ая,16
1416091,брЦг?т░гЕ гуФА яхгй?≤р,16
1416092,брЦг?т░гЕ ░ягщ?≤ ≤гЦ│?Фйя?,16
1416093,брЦг?т░гЕ хгр? Ег? ≤гЦ│?Фйя?,16
1416094,брЦг?т░гЕ Фгчз?й Цлгр?,16
1416095,брЦг?т░гЕ гЦ≤Д?й тх≤Е,16
1416096,≤гя░гЕ сгнй яхгй,16
1416097,≤гя░гЕ хяДгЦЕ ДФ?с? Цй Ах,16
1416098,брЦг?т░гЕ гйФЦгс?ФД уДзй?,16
1416099,брЦг?т░гЕ с?сйЦ Ег? ≤ДйяА нь?,16
1416100,брЦг?т░гЕ с?сйЦ Ег? ≤ДйяА нь?,16
1416101,с?сйЦЕг? гйФЦгс?ФД уДзй?,16
1416102,ьягм? хгр?Ег? ≤гЦ│?Фйя?,16
1416103,гуФА яхгй?≤р,16
1416104,гЦД?й тх≤Е,16
1416105,брЦг?т░гЕ ЦогяЕг? ЦДьч? Ф ЦзЦгя? ≤гЦ│?Фйя,16
1416106,│яФ▌Е ДяЦ гщргя,16
1416107,бр ЦогяЕг? Фгсь,16
1416108,брЦг?т░гЕ ЦзЦгя? ≤гЦ│?Фйя,16
1416109,бр ≤гЦ│?Фйя,16
1416110,брЦг?т░гЕ ≤гЦ│?Фйя,16
1416111,бр ЦзЦгя? ≤гЦ│?Фйя,16
1416112,≤гя░гЕ ≤гЦ│?Фйя,16
1416113,ьягм? Ф сгнй ≤гЦ│г?Ая 2,16
1416114,│г?░гЕ огоЕ 2 (гято),16
1416115,гуФА ьягм? Ф │?гоЕ сгр? с?сйЦЕг? нхяЕ,16
1416116,ймА?А Ф ьягм? гА░гя?йЦЕг,16
1416117,мщгый огоЕ Ег,16
1416118,брЦг?т░гЕ ░ягщ?≤ ≤гЦ│?Фйя?(гято),16
1416119,гяр?гх? ≤гяб?? с?сйЦЕг? ≤гЦ│?Фйя?(гято),16
1416120,Дыя?Е рхгДЕг? Цгт?ДЕг(гято),16
1416121,я?р хяДгЦЕ сгр?,16
1416122,ймА?А Ф ьягм? гА░гя?й Ег? ЦФгр?(гято),16
1416123,ДяЦ гщргяЕг? тх≤Е Ег? ≤гЦ│?Фйя?(гято),16
1416124,брЦг?т░гЕ тх≤Е Ег? ≤гЦ│?Фйя?(гято),16
1416125,ьягм? ДяЦ гщргяЕг? ЦьЦфД(гято),16
1416126,я?гж?гй │?тящйЕ оя ЦЕДос? ≤гЦ│?Фйя(гято),16
1416127,│яогрт йугФ?я(гято),16
1416128,брЦг?т░гЕ │яогрт йугФ?я(гято),16
1416129,брЦг?т░гЕ с?сйЦ Ег? згЦА,16
1416130,ЦЕДос? ДяЦ гщргя,16
1416131,ьягм? с?сйЦ Ег? гй≤г│п?я,16
1416132,йФу?щ Ф Фгяс? хяДгЦЕ Ег(гято),16
1416133,хяДгЦЕ ДФ?с? йФу?щ?,16
1416134,гуФА хяДгЦЕ сгр?,16
1416135,│?гоЕ сгр? │г?░гЕ огоЕ,16
1416136,ЦхгД? огоЕ ≤гФ?,16
1416137,ЦхгД? хгр?гх? гьАгзгй Ф лсйлФ? Фх,16
1416138,с?сйЦ Ег? гьАгзгй Цо?я?й,16
1416139,│?гоЕ сгр? с?сйЦ │г?░гЕ огоЕ,16
1416140,ЦхгД? яг?гДт гЦД,16
1418001,йня?х Ф │г?огясгр? │А?ЦяЕг,18
1418002,бА?г▌Ег? │А?Ця? (гято),18
1418003,зАФЦ Ф й≤ДФАФ▌? яД░,18
1418004,≤гя░гЕ бЦФрт г?ЦД? зЦФЦ?,18
1418005,Цо?я?й уДзй?,18
1418006,сЦ?Дгя(гято) й,18
1418007,т?Ц? щ?р?≤ │?тящйЕ(гято),18
1418008,я?гж?гй ЦЕДос? │?тящйЕ(гято),18
1418009,ЦЕДос? щяг?До │А?Ця?ргс?ФД(гято),18
1418010,ЕФ?й тДгс? │?тящйЕ │А?ЦяЕг,18
1418011,щяб?До т≤А огоД │А?ЦяЕг,18
1418012,нФгу ЦЕДос? │А?ЦяЕг,18
1418013,рхгД йнуу?,18
1418014,бр щ?р?≤ 1 (й),18
1418015,│яФ▌Е,18
1418016,ЦьгАх Ф?▌Е,18
1418017,≤гябЦФр?,18
1418018,ЦзгоАгй о?щягДс?А(й),18
1418019,бр зЦА?гй Фгмо,18
1418020,≤ДйяА щяб?До,18
1418021,й≤ДФАФ▌? Ф нФгу щ?р?≤? гА?гщ,18
1418022,≤гя░гЕ │Агсй?≤,18
1418023,≤гя░гЕ гАгсйФЦя,18
1418024,≤гя░гЕ ≤гЦ│Фр?й,18
1418025,брЦг?т░гЕ яФтЕг? гДогрЕ ░?я? Цтнугй │А?ЦяЕг,18
1418026,брЦг?т░гЕ нФгу щ?р?≤? Ф Ц≤гД?≤? │А?ЦяЕг,18
1418027,брЦг?т░гЕ ≤ДйяА щяб?До,18
1418028,ЦЕДос? │Агсй?≤,18
1418029,ЦЕДос? гАгсйФЦя,18
1418030,й≤ДФАФ▌? ≤гЦ│Фр?й Ег,18
1418031,гчйуго Ф ьям ЦЕДос?,18
1418032,≤гя░гЕ зЦФЦ?,18
1418033,нФгу Ф ≤гяхяо │А?ЦяЕг? ьх?з?,18
1418034,Фсг?А гДогрЕ ░?я? Цтнугй ЦА≤ФА? │А?ЦяЕг,18
1418035,гуФА ЦЕДос? │А?Ця?ргс?ФД,18
1418036,с?Дй≤ Ф ьям яб≤йФя,18
1418037,бр т?Ц? щ?р?≤ │А?ЦяЕг,18
1418038,брЦг?т░гЕ гДйчгА мягяй,18
1418039,брЦг?т░гЕ т?Ц? щ?р?≤,18
1418040,зЦА?гй Фгмо,18
1418041,нФгу щ?р?≤? Ф Ц≤гД?≤? │А?ЦяЕг,18
1418042,т?Ц? щ?р?≤ │А?ЦяЕг,18
1418043,яфФАФ▌? │А?ЦяЕг,18
1418044,я?гж?гй ЦЕДос?,18
1418045,щ?р?≤2(й),18
1418046,Цмгсхгй зоо?,18
1418047,бр Ц≤гД?≤ с?гАгй,18
1418048,бр т?Ц? Ф с?Дй?≤ │А?Ця?ргс?ФД,18
1418049,яФт Ег? гДогрЕ ░?я? ≤Ц?й Ег? ЦЕДос?,18
1418050,бр т?Ц? бА?1,18
1418051,ДчтЕ ≤т? уДзй?,18
1418052,йяЦФо?ДгЦ?≤ ЦЕДос?,18
1418053,т?Ц? Ф с?Дй?≤ │А?Ця?ргс?ФД,18
1418054,гДйчгА мягяй,18
1418055,я?гж?2,18
1418056,т?Ц? щ?р?≤,18
1418057,гДйчгА ляЦ,18
1418058,Ц≤гД?≤ с?гАгй,18
1418059,т?Ц? бА?2,18
1418060,гсйгй?≤ Ф ЦчгФЦй ЦугАм,18
1418061,ЦФгрДЕ гДя▌? Ф ЦФго,18
1418062,т?Ц? бА?,18
1418063,бр т?Ц? зЦФЦ?,18
1418064,я?гж? 1,18
1418065,т?Ц? зЦФЦ?,18
1418066,щ?р?≤ 1 (й),18
1418067,хяДгЦЕ ДФ?с? ≤гЦ│?Фйя,18
1418068,│А?ЦяЕг Ф Цм?ь р?сй,18
1418069,т?Ц? йлр?Е,18
1418070,бр т?Ц? йлр?Е,18
1418071,бр й≤ДФАФ▌? Ф нФгу гА?гщ,18
1418072,йЦо?о │яФ▌Е,18
1418073,≤гяхяоЕг? ло?о ЦФго │А?Ця?,18
1418074,│Агсй?≤ Ег? йчФ?й тоЕ,18
1418075,ьягм? Ф й≤ДФАФ▌? йФА?о чьзгй Агсй?≤?,18
1418076,т?Ц? Ф й≤ДФАФ▌? Агсй?≤,18
1418077,│о?оЕ Ег? гДйчгА оя с?сйЦЕг? │А?Ця?,18
1418078,я?гж?гй згА? ЦЕДос?(гято),18
1418079,│А?ЦяЕг? ьх?з?,18
1418080,│?тящйЕг? ло?о оя щяг?До Ег? т≤А огоД ЦФго │А?Ця?(гято),18
1418081,ЦЕДос? гА?гщ,18
1418082,гДйнгх ЦФго Ф ьягм? ЦмуФА(гято),18
1418083,│о?оЕг? гДйчгА оя с?сйЦЕг? │А?ЦяЕг,18
1418084,≤ДйяА │?тящйЕ щяг?ДоЕг? │А?Ця?(гято),18
1418085,Цхгмк Ф?▌Е(гято),18
1418086,Цхгмк Ф?▌Е,18
1418087,т?Ц? │А?Ця,18
1418088,гДогрЕ ░?я? ≤Ц?й Ег? ЦЕДос?,18
1418089,брЦг?т░гЕ т?Ц? │А?Ця,18
1418090,тДгсг?? │А?ЦяЕг,18
1418091,бр тДгсг?? │А?ЦяЕг,18
1418092,≤гяхяо я?гж?гй оя ЦЕДос? │А?Ця,18
1418093,≤гя░гЕ ЦЕДос? гАгсйФЦя,18
1418094,ЦЕДос? ≤гЦ│Фр?й,18
1418095,≤гя░гЕ ЦЕДос? ≤гЦ│Фр?й,18
1418096,ЦЕДос? │А?Ця?ргс?ФД,18
1418097,≤ДйяА щяг?ДоЕг? │А?Ця?,18
1418098,бр ≤ДйяА щяг?ДоЕг? │А?Ця?,18
1418099,≤гя░гЕ ЦЕДос? │Агсй?≤,18
1418100,бр ≤ДйяА щяг?ДоЕг? │А?Ця?,18
1418101,зАФЦ Ф щДгФя? яД░ оя │А?ЦяЕг,18
1418102,ЦЕДос? щуА Цтйя≤ оя │А?ЦяЕг,18
1418103,ьям Ф гчйуго оя уДзй │А?Ця,18
1418104,ьягм? ЦмуФА хг │А?ЦяЕг,18
1418105,т?Ц? бА? 1,18
1420001,мчФч ЦзЦгя?(й),20
1420002,Дыя?Е Ег? Ц≤гД ?гх? (гято),20
1420003,яФт ймч?ч,20
1420004,Дыя?Е Ф яФтЕг? ьягм? (гято),20
1420005,ясгАЕ Ф ьям ДЕг?? (гято),20
1420006,сгрЕ Ег? сДй? (гято),20
1420007,ЦзЦгя? ЕЦсгр хг гчА?Ц (гято),20
1420008,яФт Ег? │?тящйЕ сгнй (гято),20
1420009,хяДгЦЕ я?р? ≤гАхо? ЦзЦгя? (гято),20
1420010,ьям ЦзЦгя? 1 (гято),20
1420011,яФгДтДгс? Цм?ь(й),20
1420012,м≤Цй ЕДя гсАгЦ? (гято),20
1420013,с?я гДо?тЕ Ег? ЦзЦгя? (гято),20
1420014,яФт ймч?ч ЦзЦгя? (гято),20
1420015,ьям ЦзЦгя? 2 (гято),20
1420016,х?гД ЦзЦгя?2,20
1420017,ьям ДЕг??,20
1420018,ЦхгД? Дыя? ЦзЦгя?,20
1420019,ьягм? щД?,20
1420020,ЦйяЕ Ф хябФяо,20
1420021,Цо?я?й Ф йт≤?Агй ≤гя░гЕ,20
1420022,бтДг?? хг ЦхгД? хяДгЦЕ я?р? ≤гАхо?,20
1420023,бтДг?? хг ЦяЦй гхД?Е,20
1420024,й с?сгй Ц≤гД?≤?,20
1420025,ьям ЦзЦгя? 5,20
1420026,ьям ЦзЦгя? 4,20
1420027,й с?сгй гА≤йя?≤?(ДФя Ф уог),20
1420028,сгнйЦгД 2 Ф ░ргят ≤гя░гЕ,20
1420029,ймА?А щжг? тЕя?,20
1420030,яФсйг2,20
1420031,х?гД ЦзЦгя?2,20
1420032,ьям ЦзЦгя?3,20
1420033,сгнйЦгД1,20
1420034,йДы?Ц тяг?ь Цм?ь?,20
1420035,яФсйг1,20
1420036,бтДг?? хг ЦзЦгя? Цзгуя,20
1420037,бтДг?? хг ЦзЦгя? гсАгЦ?,20
1420038,ьягм? ЦзЦгя? 2,20
1420039,сгрЕ Ег? ДФ(гято),20
1420040,бтДг?? хг ЦзЦгя? лЕгД,20
1420041,рхгД йнуу?,20
1420042,хяогтй гр хДгЕг? йгя?н?,20
1420043,ЦчоЦгй ьягм? ЦзЦгя?2,20
1420044,ьягм? ЦзЦгя?1,20
1420045,"гДсгД║ ьх?зй║ ЦзЦгя?",20
1420046,сгрЕ Ег? хйД?,20
1420047,ДчтЕ хяогя?,20
1420048,ЦчгФЦй ЦугАм Ф сгрЕ Ег? щАр?,20
1420049,ЦугАм сгнйЦгД?,20
1420050,ЕДосЕ ЦДгыя Ф Цяг?г,20
1420051,ЦчоЦгй ьягм? ЦзЦгя?1,20
1420052,х?гД ЦзЦгя?1,20
1420053,≤гя░гЕ ЦугАм Ф сгнй,20
1420054,ЕДосЕ ≤гяхяо?,20
1420055,г?сйг??,20
1420056,оя≤ Ф х?гД Цм?ь,20
1420057,я?гж?гй Ф бЦгя,20
1420058,мчФч ЦзЦгя?,20
1420059,йДы?Ц тяг?ь рЦ?Д(гято),20
1420060,Цо?я?й │яФ▌Е(гято),20
1420061,сгрЕ Ег? ДФ(≤гятДгс?),20
1420062,мчФч ЦзЦгя? (гято ЦзЦгя?),20
1420063,мчФч ЦзЦгя?(гято),20
1420064,яФгДтДгс? Цм?ь(гято),20
1422001,я?гж? (1),22
1422002,йяЦФо?ДгЦ?≤ 1,22
1422003,ЦчгФЦй ЦугАм 1,22
1422004,я?гж? ЦЕДос?,22
1422005,ЦхгД? ЦЕДос? хяч 1,22
1422006,о?ДгЦ?≤,22
1422007,зАЦ ЦФго,22
1422008,гсйгй?≤,22
1422009,т?Ц? зЦФЦ?,22
1422010,брЦг?т░гЕ щ?р?≤ (1),22
1422011,ДчтЕ ≤т? уДзй?,22
1422012,щ?р?≤ 1,22
1422013,я?гж? ЦЕДос?,22
1422014,ДчтЕ ≤т? уДзй? 1,22
1422015,йяЦФо?ДгЦ?≤ 1,22
1422016,йяЦФо?ДгЦ?≤ 2,22
1422017,брЦг?т░гЕ йяЦФо?ДгЦ?≤,22
1422018,Ц≤гД?≤ с?гАгй 1,22
1422019,Ц≤гД?≤ с?гАгй 2,22
1422020,брЦг?т░гЕ Ц≤гД?≤ с?гАгй,22
1422021,ьягм? глрг 1,22
1422022,ьягм? глрг 2,22
1422023,ЦчгФЦй ЦугАм 2,22
1422024,брЦг?т░гЕ ЦчгФЦй ЦугАм,22
1422025,гДйчгА мягяй 1,22
1422026,о?ДгЦ?≤ Цгт?Д,22
1422027,гяйзгтгй Ц≤гД?≤?,22
1422028,брЦг?т░гЕ о?ДгЦ?≤ Цгт?Д Ф гяйзгтгй,22
1422029,≤ДйяА гйФЦгй?≤,22
1422030,ЦхгД? ЦЕДос? хяч 1,22
1422031,ЦхгД? ЦЕДос? хяч 2,22
1422032,брЦг?т░гЕ ЦхгД? ЦЕДос? хяч,22
1422033,рхгД йнуу? Ц≤гД?≤,22
1422034,Цо?я?й Ф ≤ДйяА │яФ▌Е,22
1422035,ДчтЕ ≤т? уДзй? 2,22
1422036,яФт Ег? йФА?о Ф ≤гя░гЕ,22
1422037,с?сйЦЕг? Е?ояФА?≤ Ф Д?ФЦгй?≤ Ф брЦг?т░гЕ,22
1422038,яхгй?≤ Ф брЦг?т░гЕ,22
1422039,ЦчоЦЕ г? хя глрг? ЦмоФо,22
1422040,ЦчоЦЕ г? хя с?гАгй Цмгсхгй?,22
1422041,тх?Е сгр? с?сйЦЕг? о?ДгЦ?≤? Ф ≤ДйяА,22
1422042,гДйчгА мягяй 2,22
1422043,о?ДгЦ?≤ ░грЕг,22
1422044,йФхФяЦгт?Д Ег,22
1422045,сФнй Ф гмйягч,22
1422046,ьягм? ЦхоАЕг? мягяй?,22
1422047,ЦФйФяЕг? гмйягч огнА?,22
1422048,ьягм? с?сйЦ Ег? йЕФ?Е ЦьхФз 1,22
1422049,с?йЦ Ег? гДйчгА бх,22
1422050,"Д?яФ░гЕЕг(мягяй?║бх?║ЕсйЕ г?)",22
1422051,≤ДйяА бАФо░? Цм?ь р?сй,22
1422052,ьягм? с?сйЦ Ег? йхя?о Ф сяонгДЕ,22
1422053,ЦчоЦЕ г? хя с?гАгй Цмгсхгй?,22
1422054,Цгт?Д Ег? бх?,22
1422055,≤гяхяоЕг? гДя▌? нФят?о?,22
1422056,брЦг?т░гЕ гДйчгА мягяй,22
1422057,брЦг?т░гЕ Цгт?Д Ег? мягяй?,22
1422058,Ц≤гД?≤ с?гАгй р?сй?,22
1422059,ЦЕДос? гч?гДФс,22
1422060,│яФ▌Е │г?гД?,22
1422061,≤гябЦФр? 1,22
1422062,≤гябЦФр? 2,22
1422063,≤гя░гЕ лФт≤гя? Ф Фяч≤гя?,22
1422064,≤гя░гЕ гйФЦ≤гД?≤,22
1422065,≤гя░гЕ Цгт?Д гхргя Ф гхргясгр?,22
1422066,я?гж? 2,22
1422067,ЦзгоАгй о?щягДс?А,22
1422068,хяДгЦЕ ДФ?с? ≤гЦ│?Фйя,22
1422069,щ?р?≤2,22
1422070,брЦг?т░гЕ щ?р?≤ 2,22
1422071,яФтЕг? йФА?о Ф ≤гя░гЕ,22
1422072,Цмгсхгй зоо?,22
1422073,с?сйЦЕг? гДйчгА бх,22
1422074,ьягм? с?сйЦ Ег? йхя?о Ф сяонгДЕ,22
1422075,с?сйЦЕг? о?ДгЦ?≤? Ф ≤ДйяА,22
1422076,ЦчгФЦй ЦугАм 3,22
1422077,Ц≤гД?≤ т≤сй ЦчоЦгй?,22
1422078,ЦФго Ця≤х(≤гЦ│Фр?йЕг),22
1422079,тДгнй щАргй уДзй?,22
1422080,│Агсй?с?йЕ зЦА? Ф йш??я т≤А щАргй,22
1422081,ьягм? ЦнгрД ймй щтгя,22
1422082,й≤ДФАФ▌? яФтЕг? лФт≤гя?,22
1422083,брЦг?т░гЕ зАЦ ЦФго,22
1414096,я?гж? 1,1
1414095,я?гж? 2,1
1412104,щ?р?≤ 1,1
1412103,щ?р?≤ 2,1
1414094,ЦзгоАгй о?щягДс?А,1
1414078,бЦгя- зЦягД,1
1412084,бЦгя Ф гмйЦгА ЦЕДос?,1
1412105,бр щ?р?≤ 1,1
1412101,бр щ?р?≤ 2,1
1412082,Цмгсхгй зоо?,1
1416075,≤гя░гЕ зЦФЦ?,1
1416056,│яФ▌Е,1
1418067,хяДгЦЕ ДФ?с? ≤гЦ│?Фйя,1
1412028,сЦ?Дгя гято,1
1412025,│г?гД ДгЦЕ,1
9997036,гнАгч гсАгЦ?,1
8042309,йщс?я ЦФжФз? чябД,1
9997038,гДчАгх гсАгЦ?,1
9997039,йгя?н ймА?А?,1
8054012,огДт нгДФгоЕ Ф лЦз?й,1
9997040,гДо?тЕ 1,1
9997037,гДо?тЕ 2,1
9997043,щгяс? зЦФЦ?,1
9997042,рхгД нгялЕ,1
8042255,йях?й 1,1
8042293,йях?й 2,1
